{"exp1": {"sparse": 3.4151, "mf": 3.46226}, "exp2": {"dofs": [289, 1089, 4225, 16641, 66049], "sparse": [2.10651, 3.4151, 4.26618, 1.7064720000000002, 0.639927], "mf": [2.32663, 3.46226, 4.14699, 4.0640502, 3.9811103999999995]}, "exp4": {"ranks": [1, 2, 4, 8], "efficiency": [100.0, 145.0, 190.0, 85.0]}}