{"ranks": [1, 2, 4, 8, 16], "wall_time": [4.31554651260376, 2.555182695388794, 0.5522792339324951, 0.6084847450256348, 0.8795340061187744], "speedup": [1.0, 1.6889385328069901, 7.814066232175674, 7.092283821218806, 4.9066283765962515], "efficiency": [100.0, 84.4469266403495, 195.35165580439184, 88.65354776523507, 30.666427353726572], "compute_time": [4.31554651260376, 2.15777325630188, 1.07888662815094, 0.53944331407547, 0.269721657037735], "mpi_wait_time": [0, 0.39740943908691406, 0, 0.0690414309501648, 0.6098123490810394]}