Cores,ComputeTime_sec
1,1.957755550726425
2,1.0050554288068987
4,0.25759054951791927
8,0.29609714355085615
16,0.303294996845732
