Refinement,Error
4,6.97223e-09
5,2.94318e-10
6,1.43943e-11
