ranks,wall_time,speedup,efficiency
1,23.683,1.0,100.0
2,13.206,1.7933515068908072,89.66757534454037
4,8.725,2.714383954154728,67.85959885386819
